Artist;Scrobblings;Origen
IC3PEAK;2407;Rusia
System of a Down;2390;Estados Unidos
Луна;2230;Ucrania
Archgoat;1745;Finlandia
Last Days of Humanity;1689;Países Bajos
Bathory;1632;Suecia
Drudkh;1515;Ucrania
SHXCXCHCXSH;1479;Suecia
Judas Iscariot;1478;Estados Unidos
Burzum;1433;Noruega
Монеточка;1323;Rusia
Anal Cunt;1230;Estados Unidos
Marduk;1223;Suecia
Inquisition;1198;Colombia
Сыны Севера;1188;Rusia
DJ Blyatman;1163;Eslovaquia
Wolfnacht;1160;Grecia
Barbatos;1122;Japón
Armagedda;1092;Suecia
Crystal Castles;1089;Canadá
Hard Bass School;1084;Rusia
Mirèle;1072;Rusia
Grausamkeit;1011;Alemania
Rompeprop;1003;Países Bajos
Der Stürmer;966;Grecia
Tsjuder;928;Noruega
Sarcófago;904;Brasil
Anorexia Nervosa;889;Francia
Proclamation;874;España
Sadomator;870;Dinamarca
Graveland;868;Polonia
Russian Village Boys;837;Rusia
XS Project;805;Rusia
Urgehal;772;Noruega
Revenge;750;Canadá
Black Witchery;748;Estados Unidos
Darkthrone;747;Noruega
Rammstein;710;Alemania
Gronibard;704;Francia
Agathocles;703;Bélgica
Kino;703;Rusia
Archagathus;695;Canadá
Aerosmith;676;Estados Unidos
Summoning;673;Austria
Cannibal Corpse;631;Estados Unidos
Enthroned;626;Bélgica
Filmmaker;625;Colombia
Immortal;619;Noruega
Mayhem;615;Noruega
Abigor;608;Austria
Beherit;605;Finlandia
Deicide;594;Estados Unidos
Hate Forest;568;Ucrania
Possessed;562;Estados Unidos
Wargoatcult;560;España
Snail Mail;554;Estados Unidos
Putrid Pile;553;Estados Unidos
Gigi D'Agostino;523;Italia
Gorgoroth;518;Noruega
Manizha;512;Tayikistán
Brujería;487;Estados Unidos
Nattefrost;484;Noruega
Убийцы;474;Rusia
Mdou Moctar;473;Niger
Sargeist;471;Finlandia
Grimes;468;Canadá
Morbid Angel;453;Estados Unidos
Gopnik McBlyat;452;Polonia
She Past Away;452;Turquía
Blasphemy;443;Canadá
Michael Jackson;424;Estados Unidos
Paysage d'Hiver;423;Suiza
Гречка;423;Rusia
Samael;418;Suiza
Dua Lipa;415;Reino Unido
1349;397;Noruega
Nargaroth;397;Alemania
Forest;391;Rusia
Cosmic Church;387;Finlandia
Vlad Tepes;386;Francia
Caroline Rose;382;Estados Unidos
1389;378;Bosnia y Herzegovina
Krasny Bor 1943;368;España
Regurgitate;366;Suecia
Miranda!;364;Argentina
Мы;363;Rusia
Blodsrit;354;Dinamarca
Holdaar;353;Rusia
Torsofuck;353;Finlandia
musia totibadze;349;Rusia
Crim3s;346;Reino Unido
Nunslaughter;338;Estados Unidos
Belphegor;325;Austria
Jarnvidr;323;Suecia
Деревянные Киты;313;Rusia
Disrupt;307;Estados Unidos
Satanic Warmaster;306;Finlandia
Absurd;294;Alemania
Celtic Frost;294;Suiza
Goatmoon;292;Finlandia
Гражданская Оборона;292;Rusia
Abysmal Lord;289;Estados Unidos
Eisenwinter;288;Suiza
Ignorantes;287;Chile
МЫШЬ;283;Rusia
Ildjarn;282;Noruega
Conqueror;279;Canadá
Emperor;277;Noruega
Drowning the Light;268;Australia
Sodom;268;Alemania
Dottor Dag;267;Italia
Torgeist;266;Francia
Vothana;264;Vietnam
Carpathian Forest;260;Noruega
Moonblood;260;Alemania
Cryptopsy;258;Canadá
White Ring;258;Estados Unidos
Sepultura;255;Brasil
Bilskirnir;254;Alemania
Deiphago;253;Filipinas
Black Funeral;252;Estados Unidos
Metallica;246;Estados Unidos
HBKN;242;Rusia
Los Pibes Chorros;242;Argentina
Spear of Longinus;242;Australia
Goat Semen;236;Perú
Mauro Picotto;234;Italia
Ancient;232;Noruega
Haggus;232;Estados Unidos
Krisiun;231;Brasil
Napalm Death;230;Reino Unido
Nebiros;228;Colombia
Camilo Sesto;227;España
Инструкция по выживанию;227;Rusia
Impetigo;225;Estados Unidos
Acutor;222;Colombia
Mater Suspiria Vision;221;Alemania
Sidewalks and Skeletons;221;Reino Unido
Wolfenhords;218;Croacia
Infestdead;214;Suecia
Die Antwoord;212;Sudáfrica
GSPD;212;Rusia
Stas Exstas;212;Rusia
Arckanum;211;Suecia
Diocletian;210;Nueva Zelanda
Morbosidad;209;Estados Unidos
Dimmu Borgir;208;Noruega
Kreator;201;Alemania
Krypt;201;Noruega
Root;201;Chequia
Taake;201;Noruega
Grand Belial's Key;197;Estados Unidos
Molchat Doma;194;Bielorrusia
Falkenbach;187;Alemania
Ансамбль Христа Спасителя И Мать Сыра Земля;187;Rusia
Sadogoat;184;Dinamarca
Electroforez;182;Rusia
Impaled Nazarene;179;Finlandia
Behexen;175;Finlandia
Wormrot;174;Singapur
Genocide Organ;172;Alemania
ooes;171;Rusia
Little Big;169;Rusia
Kristallnacht;166;Francia
Suffocation;166;Estados Unidos
Faye Webster;163;Estados Unidos
Imperial Crystalline Entombment;163;Estados Unidos
...aaaarrghh...;162;Estados Unidos
Dark Funeral;162;Suecia
Departure Chandelier;160;Canadá
Mephistofeles;160;Argentina
The Chemical Brothers;156;Reino Unido
Poshlaja Molli;153;Rusia
Massemord;152;Noruega
Beastcraft;151;Noruega
Dahmer;150;Canadá
Death;150;Estados Unidos
Heroin Makes Happy;146;Alemania
Armaggedon;144;Francia
Fremdreich;144;Alemania
Amputated;143;Reino Unido
Branikald;143;Rusia
Modern Witch;143;Estados Unidos
Isengard;142;Noruega
Mütiilation;142;Francia
Grabschänder;141;Alemania
Uamee;141;Letonia
buerak;140;Rusia
Discharge;140;Reino Unido
Anti-System;138;Polonia
Doom;137;Reino Unido
Princess Chelsea;137;Nueva Zelanda
ALAMBRE DE PÚAS;136;Chile
Свидание;136;Rusia
Boy Harsher;133;Estados Unidos
Darío Gómez;133;Colombia
Mefisto;132;Suecia
элли на маковом поле;131;Rusia
Ediöndö;130;Chile
Limbonic Art;130;Noruega
davay;128;Rusia
Bestial Summoning;127;Países Bajos
Benny Benassi;126;Italia
Teitanblood;125;España
Bestial Mockery;123;Suecia
AronChupa;122;Suecia
Wulkanaz;122;Suecia
Fimbulwinter;120;Noruega
Sabbat;120;Japón
Ad Hominem;119;Francia
Bravo;119;Rusia
Kūka'ilimoku;119;Estados Unidos
Cults;118;Estados Unidos
Friedhof;118;Alemania
Труп Колдуна;118;Kazajistán
Pest (GER);;Alemania
Pest;117;Suecia
Ødelegger;116;Alemania
Urfaust;115;Países Bajos
Ghostemane;113;Estados Unidos
Devil Master;112;Estados Unidos
Gutalax;112;Chequia
Terrorizer;111;Estados Unidos
Ancient Methods;110;Alemania
Daemonicium;110;Polonia
Gleb;110;Eslovaquia
Utro;110;Rusia
Besatt;109;Polonia
Uriel Henao;109;Colombia
Disclose;108;Japón
Horna;108;Finlandia
Windir;108;Noruega
Unholy Grave;107;Japón
Heresy;105;Reino Unido
Impure Worship;105;Grecia
Luis Alberto Posada;103;Colombia
Shortparis;103;Rusia
Basshunter;102;Suecia
Ravencult;102;Suecia
Satyricon;102;Noruega
Amystery;101;Alemania
Mercyful Fate;101;Dinamarca
Profanatica;101;Estados Unidos
Devourment;100;Estados Unidos
Hulder;97;Estados Unidos
Kill Baby Kill!;97;Bélgica
Internal Suffering;96;Colombia
Moëvöt;96;Francia
алёна швец.;96;Rusia
Би-2;96;Bielorrusia
Kadotus;95;Finlandia
Марина Девятова;95;Rusia
Dodsferd;93;Grecia
Los Tigres Del Norte;93;México
Bathym Throne;91;Colombia
Curta'n Wall;90;Estados Unidos
Ingested Lobotomized Remains;90;Canadá
Corneus;89;Alemania
Dead Infection;89;Polonia
Mortuary Drape;89;Italia
Akitsa;88;Canadá
Antaeus;88;Francia
Absu;86;Estados Unidos
Striborg;86;Australia
Antichrist Siege Machine;85;Estados Unidos
DLB;85;Rusia
First Days of Humanity;84;Países Bajos
Niki Istrefi;84;Dinamarca
Diomedes Díaz;83;Colombia
Satanik Goat Ritual;82;Estados Unidos
Calle 13;81;Puerto Rico
Havohej;81;Estados Unidos
Ruprecht 4500;81;Alemania
Егор Летов;81;Rusia
GBH;80;Reino Unido
Dying Fetus;79;Estados Unidos
Razni Izvodjaci;79;Serbia
Belkant;76;Colombia
C.A.R.N.E.;76;México
Madonna;76;Estados Unidos
Alan Aztec;75;Canadá
Kim Petras;74;Alemania
Yacøpsæ;74;Alemania
Hellhammer;73;Suiza
Pussy Riot;73;Rusia
Slipknot;73;Estados Unidos
Wagner Ödegård;73;Suecia
длб;72;Rusia
Këkht Aräkh;70;Ucrania
Marina Devyatova;70;Rusia
М8Л8ТХ;70;Rusia
Peste Noire;69;Francia
Polterwytch;69;Alemania
El Chombo;68;Panamá
Severe Torture;68;Países Bajos
Acherontas;67;Grecia
Komsomolsk;67;Rusia
Throne of Ahaz;67;Suecia
Zygoatsis;67;Tailandia
Сплин;67;Rusia
Alcest;66;Francia
Crumb;66;Estados Unidos
Daddy Yankee;66;Puerto Rico
Nekrokrist SS;66;Finlandia
Vicente Fernández;66;México
Azazel;65;Finlandia
Bombino;65;Niger
Rompeprop / Tu Carne;65;
BABYMETAL;64;Japón
Japanese Breakfast;63;Estados Unidos
Alice Phoebe Lou;62;Sudáfrica
Crocell;62;Colombia
Darkened Nocturn Slaughtercult;62;Alemania
Infester;61;Estados Unidos
Cemetery Rapist;60;Estados Unidos
Darude;60;Finlandia
P.R.O.S.T.I.T.U.T.A.;60;México
Satan's Revenge On Mankind;60;Alemania
White Wolves Kommando;60;Finlandia
1914;59;Ucrania
Sateliti;59;Bosnia y Herzegovina
Behemoth;58;Polonia
Deathspell Omega;58;Francia
Hammergoat;58;Brasil
Lento Violento Man;58;Italia
Maleficarum;58;Colombia
Old;58;Alemania
Pharaoh;58;Rusia
Seviss;58;Francia
Crimson Evenfall;57;Finlandia
Dysangelium;57;Alemania
Graven;57;Alemania
Human Tetris;57;Rusia
Lady Gaga;57;Estados Unidos
Tzelmoth;57;Colombia
Blasfemia;56;Colombia
I Shalt Become;56;Estados Unidos
Nordreich;56;Alemania
Tetragrammacide;56;India
The Cranberries;56;Irlanda
Aryan Blood;55;Alemania
Concrete Winds;55;Finlandia
Infernal War;55;Polonia
Insect Warfare;55;Estados Unidos
Kroda;55;Ucrania
Nautilus Pompilius;55;Rusia
Typhon;55;Colombia
Elitism;54;Francia
Esbbat;54;Colombia
Naer Mataron;54;Grecia
1782;53;Italia
Gospel of the Horns;53;Australia
Ritualz;53;México
Wolfblood;53;Australia
$uicideboy$;52;Estados Unidos
Abigail;52;Japón
Ifernach;52;Canadá
Midnight;52;Estados Unidos
Morbid;52;Suecia
Mortician;52;Estados Unidos
Nocturnus;52;Estados Unidos
Nuclear Desecration;52;Estados Unidos
Aguilas del Norte;51;Colombia
Alyona Shvets;51;Rusia
Cruel Force;51;Alemania
Darkspace;51;Suiza
Infernal;51;Colombia
Krieg;51;Alemania
Les Discrets;51;Francia
Leviathan;51;Estados Unidos
LSSAH;51;Polonia
Mäleficentt;51;Estados Unidos
Old Morgul;51;Finlandia
Summer of Haze;51;Rusia
Vèrmibdrèb;51;Francia
Anal Blasphemy;50;Finlandia
Command;50;Brasil
Drakar;50;Colombia
English Rose;50;Reino Unido
Total Hate;50;Alemania
Blut aus Nord;49;Francia
Enshadowed;49;Grecia
Goatpenis;49;Brasil
Panphage;49;Suecia
Vargsang;49;Alemania
Watain;49;Suecia
Утро;49;Rusia
Asymmetry;48;International
Darkthule;48;Grecia
Masacre;48;Colombia
Myrkur;48;Estados Unidos
Тося Чайкина;48;Rusia
Black Sabbath;47;Reino Unido
Britney Spears;47;Estados Unidos
Chainless;47;
Dub Buk;47;Ucrania
Blod Besvimelse;46;Alemania
daKooka;46;Ucrania
Depresión Sonora;46;España
Wings of Evil;46;Alemania
Black Flame;45;Italia
Dissection;45;Suecia
Katharsis;45;Alemania
Kult Perunov;44;Croacia
Liturgia;44;Finlandia
Marraneitors;44;México
Orchid;44;Estados Unidos
Hedor;43;Colombia
Nansarunai;43;Indonesia
Schwefelgelb;43;Alemania
Xasthur;43;Estados Unidos
Crossed Out;42;Estados Unidos
Cypis;42;Polonia
Los Bacanes del Sur;42;Colombia
Mordulv;42;Dinamarca
Nocturnal Depression;42;Francia
Belkètre;41;Francia
Black Cilice;41;Portugal
Forgotten Woods;41;Noruega
Grupo Exterminador;41;México
Julio Jaramillo;41;Ecuador
Vengaboys;41;Países Bajos
Reencarnación;40;Colombia
sonia y carlos;40;Colombia
Стас Экстаз;40;Rusia
Nocturnal;39;Alemania
Parlamentarisk Sodomi;39;Noruega
Proklet;39;Croacia
Ahumado Granujo;38;Chequia
Ātesh;38;Italia
KAS:ST;38;Francia
M8L8TH;38;Rusia
Octavio Mesa;38;Colombia
Roberto Carlos;38;Brasil
Sadistik Exekution;38;Australia
Wolfkrieg;38;Rusia
Bestial Raids;37;Polonia
Black Murder;37;Francia
Brenoritvrezorkre;37;Francia
GG Allin;37;Estados Unidos
Lord Valtgryftåke;37;Chile
Near;37;Italia
YUSIJUSI;37;Rusia
Belore;36;Francia
Blood Incantation;36;Estados Unidos
Cryfemal;36;España
Elvis Crespo;36;Puerto Rico
Fazerdaze;36;Nueva Zelanda
Funeral Goat;36;Países Bajos
Incantation;36;Estados Unidos
La Pestilencia;36;Colombia
Ominous Resurrection;36;Estados Unidos
sapu punk;36;Chile
Arvas;35;Noruega
Azelisassath;35;Suecia
Decapitated;35;Polonia
Don Chezina;35;Estados Unidos
Lucifugum;35;Ucrania
Remco Beekwilder;35;Estados Unidos
Thromos;35;Alemania
Acid Bath;34;Estados Unidos
Andy Stott;34;Reino Unido
Nazghor;34;Suecia
O.B.I.;34;Alemania
Old Funeral;34;Noruega
Prostitute Disfigurement;34;Países Bajos
Vilma Palma E Vampiros;34;Argentina
Yelle;34;Francia
Bestial Warlust;33;Australia
Dominus Sathanas;33;Colombia
E.A.G.L.E.;33;Canadá
Godkiller;33;Mónaco
Impiety;33;Singapur
Marie Davidson;33;Canadá
Migos;33;Estados Unidos
Plage;33;International
Quest Master;33;Australia
SNTS;33;Alemania
Storming Darkness;33;Rusia
Thornspawn;33;Estados Unidos
Thronum Vrondor;33;Bélgica
Vornat;33;Finlandia
Bulldozer;32;Italia
Carnal Diafragma;32;Chequia
Epuration Satanique;32;Francia
Ieschure;32;Ucrania
Jimmy Gutierrez;32;Colombia
Koldbrann;32;Noruega
Maléfices;32;Canadá
Mordhell;32;Polonia
Naked;32;International
Patris;32;Grecia
ROSALÍA;32;España
Venom;32;Reino Unido
Burial Hordes;31;Grecia
Carlos Gardel;31;Argentina
Devathorn;31;Grecia
Eminem;31;Estados Unidos
Fazlija;31;Bosnia y Herzegovina
Franco De Vita;31;Venezuela
Grima;31;Rusia
Kapala;31;India
Nordvrede;31;Noruega
Supremative;31;España
The Notorious B.I.G.;31;Estados Unidos
Warsore;31;Australia
ADHUK;30;Polonia
Amelie Lens;30;Bélgica
Bahrrecht;30;Francia
Daron Malakian and Scars on Broadway;30;Estados Unidos
Exterminador;30;México
Skalder;30;Alemania
Syopa;30;Finlandia
Cicciolina;29;Italia
Dead Blonde;29;Rusia
Ondfødt;29;Finlandia
Tearist;29;Estados Unidos
Thy Light;29;Brasil
Walid Sarkiss;29;Siria
Abyssic Hate;28;Australia
Anenzephalia;28;Alemania
Asakku;28;Alemania
Black Curse;28;Estados Unidos
Damas Gratis;28;Argentina
Demoncy;28;Estados Unidos
Dishammer;28;España
Joachim Witt;28;Alemania
Kult ov Azazel;28;Estados Unidos
Odium;28;Noruega
Perverted Ceremony;28;Bélgica
Qassam;28;Hungría
Viha;28;Finlandia
Vobiscum;28;Austria
Warmoon Lord;28;Finlandia
Acrimonious;27;
Beelzebul;27;Colombia
Craft;27;Suecia
Cripple Bastards;27;Italia
Forever Grey;27;Estados Unidos
God Seed;27;Noruega
Grave Desecrator;27;Brasil
Kobold;27;Italia
Los Relicarios;27;Colombia
Miro Semberac;27;Serbia
Mutiilation;27;Francia
Nachzehrer;27;Estados Unidos
Ofryskje;27;Noruega
O-Zone;27;Moldavia
Verka Serduchka;27;Ucrania
Wolves in the Throne Room;27;Estados Unidos
Avsky;26;Suecia
Belathuzur;26;Francia
Capitalist Casualties;26;Estados Unidos
Denial of God;26;Dinamarca
FIMOSIS;26;Chile
Guerra Total;26;Colombia
Laura Branigan;26;Estados Unidos
Mantiel;26;International
Nebelgrab;26;Alemania
Obtained Enslavement;26;Noruega
Anti Cimex;25;Suecia
Apokalyptic Raids;25;Brasil
Apoptygma Berzerk;25;Noruega
Betavoice;25;Moldavia
Cultes des Ghoules;25;Polonia
Hellvetic Frost;25;Suiza
Melissa;25;Estados Unidos
New Order;25;Reino Unido
Nokturnal Mortum;25;Ucrania
ossements;25;Canadá
Safri Duo;25;Dinamarca
Skandaali;25;Finlandia
Skunk;25;Canadá
Slaughtered Priest;25;Grecia
Tod Huetet Uebel;25;Portugal
Wulfgravf;25;Estados Unidos
Dødsfall;24;Noruega
Elegiac;24;Estados Unidos
Entombed;24;Suecia
Fruko Y Sus Tesos;24;Colombia
Holy Other;24;Reino Unido
Masturbacion Cristiana;24;Italia
Ofermod;24;Suecia
Pantalla;24;España
Parandroid;24;Alemania
Phobia;24;Estados Unidos
Pouya;24;Estados Unidos
Tlateotocani;24;México
Willie Colón;24;Estados Unidos
Atman;23;España
Brutalismus 3000;23;Alemania
Craspore;23;
Dethklok;23;Estados Unidos
Human Serpent;23;Grecia
Lisandro Meza;23;Colombia
Musical Arse Decomposition;23;Alemania
Prosanctus Inferi;23;Estados Unidos
Ritual Genocide;23;Estados Unidos
Todfeind;23;Alemania
Velimor;23;Rusia
Штадт;23;Rusia
Abazagorath;22;Estados Unidos
Anal Vomit;22;Perú
Arazubak;22;Estados Unidos
Baja Mali Knindza;22;Serbia
Crurifragium;22;Ucrania
Cult of Fire;22;Chequia
Dyango;22;España
Héctor Lavoe;22;Puerto Rico
Kêres;22;Finlandia
Lebanon Hanover;22;Reino Unido
Obituary;22;Estados Unidos
Rod Stewart;22;Reino Unido
S.H.I.T.;22;Reino Unido
Stratovarius;22;Finlandia
Suppuration;22;Colombia
Type O Negative;22;Estados Unidos
Antisystem;21;Polonia
Aura Saturnal;21;Finlandia
Dödsängel;21;Canadá
Exodus;21;Estados Unidos
Jacuś;21;Polonia
Leviatan;21;Colombia
Marilyn Manson;21;Estados Unidos
Nuclearhammer;21;Canadá
Serment;21;Canadá
Sublime Cadaveric Decomposition;21;Francia
Svarthal;21;Alemania
Torka;21;Eslovenia
Дарья Виардо;21;Rusia
Abruptum;20;Suecia
Estirpe Imperial;20;España
Forteresse;20;Canadá
Frédéric Chopin;20;Polonia
Hell Poemer;20;Grecia
Internal Rot;20;Australia
Kinito Mendez;20;República Dominicana
Mindly Rotten;20;Colombia
Salvatore Ganacci;20;Bosnia y Herzegovina
Space;20;Francia
Warloghe;20;Finlandia
5 Stabbed 4 Corpses;19;Alemania
Agalloch;19;Estados Unidos
Atrum Extemplo;19;Italia
Batushka;19;Polonia
Deströyer 666;19;Australia
EDIONDO;19;Chile
Electric Wizard;19;Reino Unido
FESTER WITCH;19;Estados Unidos
Hechizeros Band;19;México
Infest;19;Estados Unidos
Jeanette;19;Reino Unido
Machetazo;19;España
Moss;19;Reino Unido
Nekromantie;19;Colombia
Sex Pistols;19;Reino Unido
Silva Nigra;19;Portugal
Sortilegia;19;Canadá
Vargrav;19;Finlandia
Vritrahn-Werwolf;19;Finlandia
Ὁπλίτης;19;China
400ppm;18;Estados Unidos
Adamus Exul;18;Australia
Ancient Rites;18;Bélgica
Autopsy;18;Estados Unidos
Goatkraft;18;Noruega
Infernum;18;Polonia
Judas Priest;18;Reino Unido
Leraje;18;Alemania
Mica Trofrtaljka;18;Serbia
Mystifier;18;Brasil
NettleCarrier;18;
Old Nick;18;Estados Unidos
Opferdolch;18;Alemania
Ostots;18;España
Rectal Smegma;18;Países Bajos
Slayer;18;Estados Unidos
Svarttjern;18;Noruega
Taran;18;
Wolf's Source;18;Rusia
anetha;17;
Asghath;17;Italia
Baxaxaxa;17;Alemania
Couple Skate;17;
Embrace of Hedera;17;Ucrania
General Surgery;17;Suecia
Goreobscenity;17;Colombia
Lipoma;17;Estados Unidos
Monarch;17;Francia
Mortal Sin;17;Australia
Parabellum;17;Colombia
Poppy;17;Estados Unidos
Pyotr Ilyich Tchaikovsky;17;Rusia
The Haunting Presence;17;Estados Unidos
Vèrmyapre Kommando;17;Francia
Vulturine;17;Brasil
Witch Tomb;17;
Wolf's Moon;17;
6ix9ine;16;Estados Unidos
Angry Luna;16;
Blood Libel;16;Canadá
Bloodbath;16;Suecia
Ethereal Tomb;16;Canadá
Fugitive Wizard;16;Estados Unidos
Gottlos;16;
Grollfried;16;
Johann Sebastian Bach;16;Alemania
Lenny Kravitz;16;Estados Unidos
Miserycore;16;Chile
Nagelfar;16;Alemania
Nefandus;16;Suecia
Roki Vulovic;16;Serbia
Strandhogg;16;Polonia
Surrender Of Divinity;16;Tailandia
Taylor Swift;16;Estados Unidos
The Serfs;16;
Vatican Shadow;16;Estados Unidos
Virophage;16;Reino Unido
Vitas;16;Rusia
Yellow Claw;16;
Верка Сердючка;16;Ucrania
прыгай киска;16;
Сёстры;16;
Abdulla Rashim;15;Suecia
Akhlys;15;
Aosoth;15;
Baal Zebuth;15;Rusia
Blood Chalice;15;Finlandia
Caustic Wound;15;
Disgorge;15;México
Fire In The Head;15;
Fulanito;15;
Gehenna;15;
Grafvitnir;15;
Hhahda;15;
Lamp Of Murmuur;15;Estados Unidos
Lord Foul;15;
Los Tucanes De Tijuana;15;México
Magrudergrind;15;
Mörk Gryning;15;
Ormgård;15;
Paralocks;15;
Perc;15;
Pissgrave;15;
Psicovomitosis Sadinecrootitis;15;
Setherial;15;
Tokyo Blade;15;
Uso Carruso;15;
Wikileadz;15;
Мононоке;15;
Ритуальные Услуги;15;
Cephalotripsy;14;
Chaos UK;14;
Crucifix;14;
Death in June;14;
Dr. Dre;14;
Endstille;14;
Hats Barn;14;
Horn;14;
Intestinal Disgorge;14;
Juanes;14;Colombia
Luciferian;14;Colombia
Mare Cognitum;14;
melej;14;Colombia
Mutantex;14;Colombia
Mutilator;14;
Tormentador;14;
Village Gang;14;
Witchtrap;14;Colombia
Хадн дадн;14;
Alice Deejay;13;
Azaghal;13;
Bi-2;13;
Celestial Bloodshed;13;
Csejthe;13;
Drakonhail;13;
El Charrito Negro;13;
Ereshkigal;13;
Extreme Noise Terror;13;
Folkvang;13;
Forgotten Tomb;13;
Goatblood;13;
Greg Notill;13;
Imago Mortis;13;
Impaler of Pest;13;Colombia
Kap Bambino;13;
King Diamond;13;
La Bouche;13;
Lock Up;13;
Los Rayos;13;
Megadeth;13;
Old Man's Child;13;
Orgiastic Pleasures;13;
Plan B;13;
Power From Hell;13;
Rage Against the Machine;13;
Reconquista;13;
Six Feet Under;13;
Solar Cross;13;
АИГЕЛ;13;
Космос на потолке;13;
Angerfist;12;
Aries Vigoth;12;
Ash Pool;12;
Basshunter feat. DJ Mental Theos Bazzheadz;12;
Billie Eilish;12;
Brutal Truth;12;
Carl Orff;12;
Compatriot;12;
Deep Gnome;12;
DISomnia;12;
Evol;12;
Grendel;12;
Guru Josh Project;12;
James Blunt;12;
Jazmin Bean;12;
Kampfar;12;
Lack of Interest;12;
LENTO VIOLENTO;12;Italia
Lifelover;12;
Mastiphal;12;
Mellow Grave;12;
Nikolay Kostylev;12;
Nocturnal Hell;12;
Noisekick;12;
Obsidian Gate;12;
Pentacrostic;12;
Rhapsody;12;
Spasm;12;
Tego Calderon;12;
The Ruins of Beverast;12;
Браво;12;
Acid Mammoth;11;
Canserbero;11;
Caroline Polachek;11;
Cream Soda;11;
Daron Malakian;11;
Dislepsia;11;
Don Omar;11;
Drekavac;11;
dungeontroll;11;
El Caballero Gaucho;11;
Escroto de Rata;11;
Groteskh;11;
Immortal Technique;11;
Imprecation;11;
Iron Maiden;11;
Joe Arroyo;11;
Julia Jacklin;11;
Kommandant;11;
Kylie Minogue;11;
Monarch!;11;
Necrophagist;11;
Nyogthaeblisz;11;
polnalyubvi;11;
Poshlaya Molly;11;
Rodolfo Aicardi;11;
Sadus;11;
Sapthuran;11;
Sea of Shit;11;
Syphilectomy;11;
Thornium;11;
Tzusing;11;
Ulvdalir;11;
Ulver;11;
Vermeth;11;
Vomit Church;11;
Wederganger;11;
Wisin & Yandel;11;
△Sco△;10;Rusia
A Touch of Class;10;Alemania
Armnatt;10;
Balrog;10;
Black Magick SS;10;
Blaze of Perdition;10;
Blvck Ceiling;10;
Boney M.;10;
Carpticon;10;
Chalice of Blood;10;
Chromatics;10;
Daft Punk;10;
Dan Terminus;10;
Electro Hippies;10;
Grazhdanskaya Oborona;10;
Hate;10;
Kanonenfieber;10;
Lucy Dacus;10;
Malevolent Creation;10;
Misþyrming;10;
Motorama;10;
Nifelheim;10;
Nocturnal Blood;10;
Nocturnal Breed;10;
Pale Misery;10;
Pig's Blood;10;
powwowW;10;
Stormlord;10;
Sutura;10;
Tenebris;10;
Törr;10;
Totalitär;10;
Ungfell;10;
Unlastiath;10;
Vermin Womb;10;
VR SEX;10;
WACHITA CHINA;10;
African Imperial Wizard;9;
Asmodeus;9;
Author & Punisher;9;
Benediction;9;
Bethlehem;9;
Black Candle;9;
Bobby Cruz;9;
Bunker 66;9;
Crossparty;9;
Eerified Catacomb;9;
El Gato Negro;9;
Etran de L'AÏr;9;
Falxo Pozitivo;9;
Fenriz' Red Planet;9;
Fortress;9;
Garmarna;9;
Gesaffelstein;9;
Gortuary;9;
Hexenmeister;9;
José José;9;
Julio Miranda;9;
Keys To The Astral Gates And Mystic Doors;9;
Les Chants de Nihil;9;
Lost Graveyard;9;
Ludwig van Beethoven;9;
Lumpy and The Dumpers;9;
Lunar Aurora;9;
Malefic Order;9;
Metalucifer;9;
Mgła;9;
Micro Naps;9;
Morsun Diaboli;9;
Mysteries;9;
Necromantia;9;
Nightbringer;9;
Order Of The Ebon Hand;9;
Philip Glass;9;
Photophobia;9;
Poltergeist;9;
Ragnarok;9;
Raspberry Bulbs;9;
Raven Dark;9;
RSAC;9;
Salem;9;
Sextile;9;
Shygirl;9;
Sinistr0;9;
Smyrtonos;9;
Spectral Lore;9;
Stormkeep;9;
Sutcliffe Jügend;9;
Svartidauði;9;
Syny Severa;9;
Teen Pussy Fuckers;9;
The Sarcophagus;9;
This Cold Night;9;
Tormentor;9;
Vagézaryavtre;9;
Vetala;9;
Voltio;9;
Wolfgang Amadeus Mozart;9;
Wolves Den;9;
Zventa Sventana;9;
Мать Сыра Земля;9;
Оргазм Нострадамуса;9;
хрися;9;
Արամ Խաչատրյան;9;
Aksumite;8;
Astriaal;8;
Birkabein;8;
Blasphamagoatachrist;8;
Cabaret Nocturne;8;
Carach Angren;8;
Cerebral Incubation;8;
Codex Empire;8;
Death Karma;8;
Devouring Star;8;
Durbatuluk;8;
Dybass;8;
Dzlvarv;8;
Erzebet;8;
EVELIO Y VIRGELINA;8;
Funeral Candies;8;
Grima Morstua;8;
Ildjarn-Nidhogg;8;
Kraanium;8;
Life of Boris;8;
Luciano Pavarotti;8;
Malsaint;8;
MEPHIZTOPHEL;8;
Moonkult;8;
Mordichrist;8;
Motörhead;8;
MUERTE POR IMPLOSION;8;
Nervengas;8;
Nihil Invocation;8;
Noenum;8;
Nuit Noire;8;
Nuovi Step;8;
NX1;8;
Opiated Devilsperm;8;
Paradisio;8;
Pastor Lopez;8;
Pestes De Cloaca;8;
Phoebe Bridgers;8;
Pisse;8;
poproboval;8;
Rites of Cleansing;8;
Satanicum Tenebrae;8;
The Mall;8;
The Soft Moon;8;
Tony Tun Tun;8;
Truppensturm;8;
Vordr;8;
VxPxOxAxAxWxAxMxC;8;
Wake;8;
Wolf Eyes;8;
Wormwitch;8;
WVRM;8;
Глум;8;
КРАСНОЗНАМЕННАЯ ДИВИЗИЯ ИМЕНИ МОЕЙ БАБУШКИ;8;
Темнозорь;8;
Alexis y Fido;7;
Aniceto Molina;7;
AronChupa Little Sis Nora;7;
Asbel;7;
Barbaric Horde;7;
Binomio De Oro;7;
Black Invocation;7;
Catholic Spit;7;
Cattle Decapitation;7;
Der Schulte;7;
Dr Poky;7;
Drautran;7;
Endlec;7;
Enter Hell;7;
Feigur;7;
Forgotten Ruin;7;
Gauntlet Ring;7;
Georges Bizet;7;
GLEB : ZOO;7;
Grimfaug;7;
Hellripper;7;
Hypnotize;7;
Impenetrable Darkness;7;
Introversion;7;
Janelle Monáe;7;
Juan Gabriel;7;
Kraken;7;
La Mosca Tsé-Tsé;7;
Lamentation;7;
M.I.A.;7;
Maȟpíya Lúta;7;
Mala Fe;7;
Max Richter;7;
Merzbow;7;
Mortifer;7;
NÄCHTLICH;7;
Necroholocaust;7;
Night Lovell;7;
Nihil Obstat;7;
Nordland;7;
Order of Nosferat;7;
Panther Modern;7;
PASTEL GHOST;7;
Pseudogod;7;
Sanguine Relic;7;
Satan;7;
Sentenced;7;
Shakira;7;
Soccer Mommy;7;
Sorcery;7;
Storm;7;
Svarthymn;7;
t.A.T.u.;7;
Takaaki Itoh;7;
The Braindrillerz;7;
The Red Army Choir;7;
Till;7;
UADA;7;
Utuk Xul;7;
Velvet Cacoon;7;
Vivus Humare;7;
Algaion;6;
Anarchus;6;
Apartment 213;6;
Aurat;6;
Auxxxcult;6;
Bapthomet;6;
Bergënot;6;
Cabra Negra;6;
Carnivore;6;
Charnel Altar;6;
Devour the Unborn;6;
Die Die;6;
Doodsangst;6;
Dream Theater;6;
Eiffel 65;6;
Ektoplasma;6;
Evil Angel;6;
Feid;6;
Forgotten Pathways;6;
Fuck Off And Die!;6;
GL▲SS †33†H;6;
gleb : zoo x smack;6;
Goat Evil;6;
Guilty Connector;6;
Gutrot;6;
Hirax;6;
Human Agony;6;
Johann Strauss I;6;
Karate;6;
Karil;6;
Legion;6;
Lifvsleda;6;
Mr.Kitty;6;
Mutilatred;6;
Neurosis;6;
Nirvana;6;
Nitberg;6;
Order of the Death's Head;6;
Oro Solido;6;
Pisdati Blyat;6;
Rat Cage;6;
Razorrape;6;
Repulsion;6;
Rotting Christ;6;
Rudy La Scala;6;
Russian Jump Up Mafia;6;
Sacred Reich;6;
Sanctifica;6;
Sankara;6;
Sapientia;6;
Sickrecy;6;
Silent Servant;6;
Stürm Kommand;6;
Süngehel;6;
Takeoff;6;
Uønsket;6;
Village People;6;
Viper XXL;6;
Vital Remains;6;
Vitsaus;6;
Vollny;6;
Witch Desire;6;
Zyklon-B;6;
Квашеная;6;
МУККА;6;
55Gore;5;Finlandia
Aborted;5;
Akhernar;5;
Alci Acosta;5;
Alzate;5;
Ansome;5;
Antonio Aguilar;5;
Ash Code;5;
Astarte;5;
Baphomets Horns;5;
Baptism;5;
Black Altar;5;
Brighter Death Now;5;
Christian Nodal;5;
Cliteater;5;
Coldcloud;5;
Cuarteto Imperial;5;
Dead or Alive;5;
Deathhammer;5;
DEMENTAR;5;
Destruction;5;
Dschinghis Khan;5;
Enbilulugugal;5;
Fernom;5;
Forest Silence;5;
Fostercare;5;
Galy Galiano;5;
Ghost;5;
Goat Molestör;5;
Goatlord;5;
Grupo Climax;5;
Hadak Ura;5;
Harvest;5;
Hernan Dario Hernandez;5;
Holocausto;5;
Jan Fleck;5;
Karol G;5;
Kawir;5;
Kraftwerk;5;
Las Ketchup;5;
Lil Pump;5;
Lord Belial;5;
Lorn;5;
Maeströ Cröque Mört;5;
Maharti;5;
Mariya Chaykovskaya;5;
Midnight Betrothed;5;
Milica Ostojić;5;
Mons Veneris;5;
Moonlight Sorcery;5;
Morpheus Descends;5;
Nahtrunar;5;
Necroslut;5;
Nedjo Kostic;5;
Nehëmah;5;
Nikolai Rimsky-Korsakov;5;
Ondskapt;5;
Oscar Agudelo;5;
Parallx;5;
Pestes;5;
Phase Fatale;5;
Planetary Assault Systems;5;
Purtenance;5;
Rrose;5;
Sacrificium Carmen;5;
Sadistic Intent;5;
Saint Vitus;5;
Sepulchral Aura;5;
Slave House;5;
Soldat;5;
Solemn Imagist;5;
SpermSwamp;5;
ssshhhiiittt!;5;
Supermerk2;5;
The Retuses;5;
The Rolling Stones;5;
Under Black Helmet;5;
V.CT.R;5;
Vader;5;
Veles;5;
Vinterriket;5;
Visceral Disgorge;5;
Vzaéurvbtre;5;
Wampyrinacht;5;
Weregoat;5;
Winterfylleth;5;
Xantotol;5;
XavlegbmaofffassssitimiwoamndutroabcwapwaeiippohfffX;5;
Yanka;5;
Горемыка;5;
Юлия Савичева;5;
6;4;
Absintdebellum;4;
Aetherius Obscuritas;4;
Amnesia Scanner;4;
Anticreation;4;
Argar;4;
Artery Eruption;4;
Aske;4;
Atra;4;
Audiomachine;4;
Baphomet's Blood;4;
Bee Gees;4;
Benassi Bros.;4;
Biological Monstrosity;4;
Bitterkeit;4;
Bolt Thrower;4;
BRAHMASTRIKA;4;
Brocken Moon;4;
Caladan Brood;4;
Calderum;4;
Celticmoon;4;
Chamber Of Unlight;4;
Chaos Moon;4;
Con-Dom;4;
Dantalian;4;
Dayvi;4;
Dehumanizing Itatrain Worship;4;
Detriktuss;4;
Distorted Face;4;
Dropdead;4;
Flesh Consumed;4;
Friedhofsbewohner;4;
Giuseppe Verdi;4;
Glaciation;4;
Grot;4;
Hante.;4;
Headhunterz;4;
HEALTH;4;
hirven verenimijä;4;
Holyarrow;4;
ilan Bluestone;4;
John Lennon;4;
Kältetod;4;
Karma to Burn;4;
Kurjuus;4;
Kyuss;4;
Le Click;4;
Lil Xan;4;
Los Embajadores Vallenatos;4;
Los Inquietos;4;
Lvcifyre;4;
Maxx;4;
Mick Gordon;4;
Mordaehoth;4;
Mountain Witch;4;
Mr. President;4;
Munk;4;
Naastrand;4;
Nekrobutcher;4;
Neokontrol;4;
Ninkharsag;4;
NITERIS;4;
Nyktalgia;4;
Oasis;4;
Örnatorpet;4;
Palina;4;
Paracoccidioidomicosisproctitissarcomucosis;4;
PARÄSITO;4;
Ploho;4;
Propergol;4;
Proyecto Uno;4;
Pupsidelic;4;
Pure;4;
Purgatör;4;
Pustulated;4;
Razor;4;
Rhodesia;4;
Rings of Saturn;4;
ruido destruido;4;
Sak Noel;4;
Sébastien Dionne;4;
Sexy Sushi;4;
Skuggeheim;4;
Sorhin;4;
SSacol;4;
Sunn O)));4;
Temple of Baal;4;
The 4-Skins;4;
Tiësto;4;
Totenreich;4;
Trijumf;4;
Trollheim;4;
Tumba;4;
Urn;4;
Vampirska;4;
VERGEWALTIGER;4;
Vulture;4;
Xosar;4;
забей лерочка;4;
Кровосток;4;
Перемотка;4;
ПОШЛАЯ МОЛЛИ;4;
Френдзона;4;
щенки;4;
13th Monkey;3;Alemania
Abominor;3;
Alatyr;3;
Alien Chaos;3;
Alien Thugz;3;
Alwaar;3;
Amesoeurs;3;
Anal Massaker;3;
Answer Code Request;3;
Arghoslent;3;
Assassination;3;
Aventura;3;
Baphomilitia;3;
Black Marble;3;
Black Wood;3;
BOSTON 168;3;
Calvin Harris;3;
Carl Czerny;3;
Carlos Esmeralda Jalapeño;3;
Ceza;3;
Christian Wunsch;3;
Clams Casino;3;
Clandestine Blaze;3;
Climax;3;
CMH;3;
Crustina Aguilera;3;
Darvaza;3;
Desobediencia Civil;3;
Dethroned Christ;3;
Devil's Witches;3;
DIIV;3;
Disentomb;3;
Disorder;3;
Dolphin;3;
Dr. Peacock;3;
Dragon Ball;3;
Druadan Forest;3;
Dulvel;3;
Edvard Grieg;3;
Eliwagar;3;
Ellende;3;
Elton John;3;
Enslaved;3;
Europe;3;
Exhumed;3;
Fuck on the Beach;3;
Gas Rag;3;
Gastrorrexis;3;
Gëinst;3;
Geistform;3;
Gestapo 666;3;
Giacomo Puccini;3;
GOAT RITUAL;3;
Hagzissa;3;
Hallucination Maze;3;
haren;3;
Héctor El Father;3;
Hekseblad;3;
Hexakosioihexekontahexaphobia;3;
Iguana;3;
Jason Shook;3;
john jairo perez;3;
Kaiba;3;
King Plague;3;
Kressenkaiser;3;
Kristaliis;3;
Kult;3;
Kushfrost;3;
Kvist;3;
Laval;3;
Leichenzug;3;
Lil Peep;3;
Linea Aspera;3;
Ljå;3;
los hermanos medina;3;
Los Rayos de Mexico;3;
Lowshape;3;
Lupe Y Polo;3;
M|O|O|N;3;
Mac DeMarco;3;
Malbek;3;
Malignancy;3;
Mark Bernes;3;
Marko Perković Thompson;3;
Mastodon;3;
Matt M. Maddox;3;
Metrorrhagia;3;
Midvinter;3;
Muerte por Implosión;3;
Muknal;3;
Nailbomb;3;
Necrot;3;
Nelson Y Sus Estrellas;3;
Nigel Pepper Cock;3;
Old Sorcery;3;
Orlok;3;
Os Ovni;3;
Oscar Mulero;3;
Panzerwar;3;
Paracoccidiodiomicosisproctitisarcomucosis;3;
Pedro Infante;3;
Pestilent Grave;3;
Pharmacist;3;
Primitive Warfare;3;
Prurient;3;
Pure Ground;3;
Queen;3;
Real McCoy;3;
Rebekah;3;
Regis;3;
Rendez Vous;3;
Rob Zombie;3;
Robert Miles;3;
Rotten Noise;3;
Rubén Blades;3;
Sandro;3;
Sash!;3;
Serbian Urban Music Ensemble;3;
Serj Tankian;3;
Sinister;3;
SINISTRARY;3;
Skeler;3;
SomeElectronicCookin;3;
Spectral Wound;3;
Splintering Lightning Spear;3;
Suicide Commando;3;
SveTec;3;
The Drums;3;
The Knife;3;
The Prodigy;3;
Thorr's Hammer;3;
Thy Infernal;3;
Timmy Trumpet;3;
Tito El Bambino;3;
Tommy Four Seven;3;
Torturing Nurse;3;
Total Fucking Destruction;3;
Trenchgrinder;3;
Trikomoniasis Fournier;3;
Trollkotze;3;
Truchło Strzygi;3;
Úrhrak;3;
Valentin Strykalo;3;
Walknut;3;
We;3;
Weald and Woe;3;
White 2115;3;
Zheani;3;
zyxdance;3;
Ангел;3;
ДЕТИ RAVE;3;
Дрыгва;3;
Июльские Дни;3;
Обе Две;3;
ПОЛМАТЕРИ;3;
Синдром Живого Трупа;3;
∆AIMON;2;Estados Unidos
18 Carat Affair;2;Chequia
7 Year Bitch;2;Estados Unidos
ABBA;2;Suecia
Abbath;2;Noruega
Abstract Division;2;
Aero Chord;2;
Agouro;2;
Ahriman;2;
Aindulmedir;2;
Akram Assaf;2;
Alex Crispin;2;
Alex TB;2;
Alice Glass;2;
Amaka Hahina;2;
Anaal Nathrakh;2;
ANAZED;2;
Andrea Signore;2;
anthony zambrano;2;
Antoha MC;2;
Arma;2;
Ashford & Simpson;2;
Ashnikko;2;
Assimil;2;
ATL;2;
AtRoXX;2;
Austere;2;
Auxxxxxcult;2;
Axis of Advance;2;
Bad Bunny;2;
Barathrum;2;
Bastinov;2;
BaWn;2;
Belathauzer;2;
Belzebuth;2;
Belzec;2;
Bethor;2;
Binomio de Oro de América;2;
Bizarrap;2;
Blanck Mass;2;
Blues Pills;2;
Buzz Kull;2;
Chainsaw Castration;2;
Chasmal Mire;2;
CHVRN;2;
Claws of Moriis;2;
Coal Chamber;2;
Com Truise;2;
Corona;2;
Cosmic Lizard;2;
Coucou Chloe;2;
Cradle of Filth;2;
Culture Beat;2;
Cystgurgle;2;
Czarci Świt;2;
Da Vosk Docta;2;
Damn Whøre;2;
Daniel Shake;2;
David Guetta;2;
Demolition Group;2;
Den BB;2;
Diamanda Galás;2;
Digitalism;2;
Dio;2;
DJ Blyatman & Russian Village Boys;2;
DJ Plague feat. Nikkita;2;
DJ Sammy;2;
Dr Peacock;2;
Elad Magdasi;2;
Eldamar;2;
Ellen Allien;2;
Ensiferum;2;
Evil;2;
Evildead;2;
Evilfeast;2;
Ewigeis;2;
Feastem;2;
Finch Asozial;2;
Folkbeat;2;
Fuath;2;
FUCK OF AND DIE;2;
Funeral Mist;2;
Funereal Presence;2;
Gala;2;
Gemeinerich;2;
Genocide Kommando;2;
Gio Kavelashvili;2;
Gnaw Their Tongues;2;
Gore and Carnage;2;
Grim Reaper;2;
GRLwood;2;
Grupo Aguilas Del Norte;2;
Guerreros de Lucifer;2;
Guttural Slug;2;
Have a Nice Life;2;
Helena Hauff;2;
Henbane;2;
Hermóðr;2;
HO99O9;2;
Horrified;2;
Hot Chip;2;
Hotzzen;2;
I Hate Models;2;
iamamiwhoami;2;
Ideation;2;
Imil;2;
Ingested;2;
Instigator;2;
Ivan Dorn;2;
James Hannigan;2;
Jason Little;2;
Jason Ross;2;
Javier Medina;2;
Jessi Uribe;2;
Joaquin Bedoya;2;
John Mccormack;2;
John Wiese;2;
Jorge Negrete;2;
José Luis Perales;2;
Kaayaas;2;
Kai Flood;2;
Karenn;2;
Kerosene Club;2;
Kommando Schwarztee;2;
Kontravoid;2;
Kreft;2;
Krzesimir Dębski;2;
Kult ofenzivy;2;
Kurwastyle Project;2;
La Banda Loca;2;
La Tana Del Suono;2;
Labyrinth Ear;2;
Lana Del Rabies;2;
Lantlos;2;
Lessence;2;
Los Angeles Negros;2;
Los Corraleros De Majagual;2;
Los Mirlos;2;
Lotic;2;
luckylouie522;2;
Luigi 21 Plus;2;
Machine Girl;2;
Manowar;2;
Mecano;2;
MISHELLE MASTER BOYS;2;
Monarque;2;
Moya Mishel;2;
Mukka;2;
Musi-O-Tunya;2;
Naglfar;2;
Negură Bunget;2;
Neonglo;2;
Nibana;2;
Nightpröwler;2;
Oberst Panizza;2;
Old Tower;2;
Oxxxymiron;2;
P.E.A.R.L.;2;
Pantera;2;
Paralocks Vs Bombax;2;
Pathology;2;
Paula Temple;2;
Pauline Oliveros;2;
Pervertum;2;
Pet Duo;2;
Polar Inertia;2;
Polo Montañez;2;
Pornofilmy;2;
Profanum;2;
Public Acid;2;
Pungent Stench;2;
Purity Ring;2;
Pyrokinesis;2;
Regal;2;
Ricardo Silva;2;
Rikarena;2;
S U R V I V E;2;
S3RL;2;
Sacramentum;2;
Sahrana;2;
SAMIRA ARIANNE;2;
Satanachia;2;
Satanized;2;
Scalp;2;
Scatman John;2;
Sebastian Tobon;2;
Selena;2;
Shed;2;
Siege;2;
Silent Thunder;2;
Siuzanna;2;
SKRD!!! Crew;2;
Slash;2;
sleepisformortals;2;
SOFT BLADE;2;
Sore Throat;2;
Spazz;2;
Spirit of the Beehive;2;
SQWOZ BAB;2;
SrpskiBass;2;
Stanislav Tolkachev;2;
Starslav;2;
Static-X;2;
Still Corners;2;
Strid;2;
Sunn 0)));2;
Sven Wunder;2;
svrm;2;
Swordmaster;2;
Tatarka;2;
Tchagun;2;
Tego Calderón;2;
Terrorbunny;2;
The Deathtrip;2;
The Janitor;2;
Theoroth;2;
Through the Pain;2;
Thule;2;
Tommyknocker;2;
Total Distopia;2;
Totalselfhatred;2;
Totenwtich;2;
TOUGHGUY;2;
Trepaneringsritualen;2;
Truncate;2;
Ultha;2;
Ultor;2;
Unknown Context;2;
Vampyric;2;
Varathron;2;
Verdammnis;2;
VolkSraad;2;
Vril;2;
Warpaint;2;
Washed Out;2;
Wasted Penguinz;2;
Wednesday;2;
Windhand;2;
WitchMoon;2;
Wolfine;2;
XXXTENTACION;2;
Yggtyrhyrkkh Hin Dystre;2;
Yuko;2;
Zimmz;2;
Zion;2;
Валерий Петряев;2;
Вокруг Фонарного Столба;2;
Воскресение;2;
Дайте танк (!);2;
Дурной Вкус;2;
Источник;2;
Кино;2;
Машина времени;2;
Мракобесие;2;
Родосвет;2;
666;1;Hungría
999999999;1;Italia
//TENSE//;1;Estados Unidos
1914 Sasha Boole;1;Ucrania
2 Unlimited;1;Bélgica
Abominable Putridity;1;Rusia
Abominator;1;Australia
AC/DC;1;
Actress;1;
ACxDC;1;
Adam Beyer;1;
Adamantum;1;
Adolescent's Orquesta;1;
AF Trooper;1;
Aggressive;1;
Agnes Obel;1;
Agua Bendita;1;
Ahmad Al Kosem;1;
AIROD;1;
akatsukiDaRk01;1;
Akgnar;1;
Alberto Ruiz;1;
Alessandro Moreschi;1;
Alestorm;1;
ALFA LF;1;
Algar;1;
Alien Fucker;1;
All Your Sisters;1;
Alvvays;1;
alyans;1;
Amanda Yang;1;
Anacondaz;1;
Anarkia Tropikal;1;
Ancient North;1;
Andi Teller;1;
Anikv;1;
Anthony Linell;1;
Antipole;1;
Arca;1;
Arcangel;1;
Arctic Wolf;1;
Armando Hernandez;1;
Armin van Buuren;1;
Arnulfo Briceño;1;
Art of Trance;1;
Asenssia;1;
Asphyx;1;
Assück;1;
Astaroth;1;
Athos;1;
Atmosfear;1;
Atrophy;1;
Automatic;1;
Baby Basher;1;
Badwor7h;1;
Barad Dûr;1;
Ben-Clarke;1;
Benislav;1;
Bernard Parmegiani;1;
Bertocucci Feranzano;1;
Bhleg;1;
Bienvenido Granda;1;
Big Black;1;
Billx;1;
Bjoern Torwellen;1;
Black Light Smoke;1;
Black Vomit 666;1;
Blasco;1;
Bleachers;1;
Blind Delon;1;
Blondie;1;
Bloodhound Gang;1;
Blümchen;1;
Blurix;1;
BNNY;1;
Bob Marley;1;
Bones;1;
Boogrov;1;
Boris;1;
Boris S.;1;
Børnesange Cowboy Jack;1;
boulevard depo;1;
Bow Church;1;
Boy Wonder Cf;1;
Boyd Rice and Friends;1;
Bragolin;1;
Brainstalker;1;
Brian Tyler;1;
Brigada Totenkopf;1;
British Murder Boys;1;
Broken English Club;1;
Brutal Attack;1;
Buchecha;1;
Bullous Pemphigoid Presenting As Dry Gangrene In A Revascularized Limb;1;
Butchery;1;
Candlemass;1;
Carnivore Diprosopus;1;
Caroline Collette;1;
Caveman Cult;1;
Cell Rot;1;
Cerberum;1;
Cercle;1;
Ceremony;1;
Cesqeaux;1;
Charlotte de Witte;1;
Checker Patrol;1;
Chema Gogia;1;
Chocolate Puma;1;
Chrissy Zebby Tembo;1;
Cipri;1;
Clairo;1;
Clitgore;1;
Clouds;1;
Coke Bust;1;
Cold Cave;1;
ColdWorld;1;
Consumer Electronics;1;
CORTEJO FÚNEBRE;1;
Cosmic Gate;1;
Crack Family;1;
Craft Spells;1;
Cretin;1;
Crude SS;1;
Crudelitas;1;
Crudo Means Raw;1;
Cuentos de los Hermanos Grind;1;
Cyber;1;
Cyndi Lauper;1;
D.O.M.;1;
Da Hool;1;
Daniel Gualdrón;1;
Daniel Santos;1;
Daniela Haverbeck;1;
Dankev;1;
Danny Rivera;1;
Dark Thoughts;1;
David Ward;1;
Davide;1;
De Hofnar;1;
Dead Kennedys;1;
Dead Melodies;1;
Deadboy;1;
Deathpile;1;
Deceiver Legion;1;
Deggial;1;
Degos & Re-Done;1;
Dementor;1;
Demigod;1;
Den Sorte Død;1;
Despise You;1;
D-Fence;1;
Diabarha;1;
Die Form;1;
Dionnysuss;1;
Diplo;1;
Disgust;1;
Dj Antitiesto;1;
DJ AroZe;1;
Dj Banos;1;
DJ Isaac;1;
DJ KRMAK;1;
DJ Lhasa;1;
DJ Rentgen;1;
Dj Scale Ripper;1;
dj.frodo;1;
Dmitri Shostakovich;1;
Donato Dozzy;1;
Donna Summer;1;
Don't Like us... Fear us!;1;
Dopelord;1;
Dose;1;
Dr. Putin;1;
Dream Boat;1;
Dua Lipa DaBaby;1;
Dubmood;1;
Dueto America;1;
Dvnaèbkre;1;
Dyster;1;
Earthling;1;
Eberhard Schoener;1;
Eddy Herrera;1;
Eduard Khil;1;
Eh!!! Guacho;1;
El Bobo Negro;1;
El caminante;1;
El empuje;1;
El Sayayín;1;
EL WALI;1;
Elvis Presley;1;
EMADUS;1;
Emptyset;1;
Empyrium;1;
enjoii;1;
Equilibrium;1;
Eschaton;1;
Eshtadur;1;
ESOTERIC CIRCLE;1;
Espinoza Paz;1;
Estandarte 88;1;
Etapp Kyle;1;
E-Type;1;
Excrementory Grindfuckers;1;
Exumer;1;
Face;1;
Faithless;1;
Falls of Rauros;1;
Far Caspian;1;
Farrago;1;
Father Befouled;1;
FFFLVTHN;1;
Fiendish Imp;1;
First Aid Kit;1;
Floatie;1;
For Those I Love;1;
French Morning;1;
Frontliner;1;
Full of Hell;1;
Gabriel Fauré;1;
Gabriel Wnz;1;
Gadget;1;
Galatée;1;
gan9e;1;
Garadrak;1;
Gary Beck;1;
Gehennah;1;
general dynamics;1;
Genix;1;
Gentle Giant;1;
Gildardo Montoya;1;
Gillette;1;
Gizmo;1;
Glocal Orchestra;1;
Glup!;1;
Go Hiyama;1;
Goat Sperm;1;
Goatwhore;1;
GOCI;1;
Golpe;1;
GoodBooks;1;
goreshit;1;
Gorgasm;1;
GOTTHAMMER;1;
Grebz;1;
Grimes ft. Janelle Monáe;1;
Grupo Firme;1;
Grupo Marrano;1;
Grupo Nizze;1;
Grupo Sonador;1;
GTA;1;
Gucci Mane;1;
Gustav Holst;1;
Gustavo Bertoni;1;
gylve fenris nagell;1;
Habibi;1;
Haemorrhage;1;
Hail The Golden Dawn;1;
Half Moon Run;1;
HammerFall;1;
Hard Driver;1;
Harry Potar;1;
Haski;1;
Hawai;1;
Haydn Quartet;1;
Hecate Enthroned;1;
Hector & Tito;1;
Hefty;1;
Hellboy;1;
Hellseeker;1;
Heresiarkhes;1;
Hermanas Calle;1;
HGM;1;
Hibou;1;
Hilight Tribe;1;
hirvenverenimijä;1;
HMLTD;1;
Hombres G;1;
Hordagaard;1;
Horror Vacui;1;
Hosmo Zonik;1;
Howard Shore;1;
Human 80;1;
Hunter;1;
Ic3peak BOULEVARD DEPO;1;
Ilegales;1;
Ilhan Mimaroglu;1;
Ilkim Oulanem;1;
Imarhan;1;
Imber Luminis;1;
in your eyes;1;
Infernal Curse;1;
Inferno;1;
Inkyz;1;
Insector;1;
Interium;1;
Interpol;1;
Intra Frekish Void;1;
Inverna;1;
Iron Lung;1;
ITSOKTOCRY;1;
Ivy Rue;1;
Jaceo;1;
Jaguares;1;
jaider aventuras;1;
James Brown;1;
Jan Ekier;1;
Jay Lumen;1;
Jaycut;1;
Jean-Michel Blais;1;
Jen Brook;1;
Jhon Alex Castaño;1;
Jim Morrison;1;
Jimmy Chiriboga;1;
JKB;1;
Joe Cuba;1;
Joe Perry;1;
Joep Beving;1;
Johannes Menzel;1;
John Darque;1;
John Ottman;1;
Jonas Aden;1;
Josef Anton Riedl;1;
Julien Baker;1;
julien earle;1;
Julieta Venegas;1;
Jumbo Xonx;1;
Kai Pattenberg;1;
Kai Tracid;1;
Kangding Ray;1;
Karaczun;1;
Karina Vismara;1;
Kasparov;1;
Kate Bollinger;1;
Kavinsky;1;
Kendrick Lamar;1;
Ketzer;1;
Killawatt;1;
Kirkebrann;1;
Klyve Lewis project SxSxOxTxCxPxBxAxO;1;
Konrad (Italy);1;
Koridor;1;
Kornél Kovács;1;
Korpiklaani;1;
Kriegsmaschine;1;
Krohm;1;
Krömosom;1;
Krovostok;1;
KseroN;1;
L7;1;
La Combinación Vallenata;1;
La Etnnia;1;
La Luz;1;
La Musique des Armées;1;
La Tropa Vallenata;1;
Ladytron;1;
Las Aves De Oriente;1;
Lasgo;1;
Låska;1;
Le Bask;1;
Lea in the Mix;1;
Leichenhammer;1;
Lenna;1;
Leptictidium;1;
Leshak;1;
Light Asylum;1;
Lingua Ignota;1;
Lipps Inc.;1;
Lividity;1;
Liyolei;1;
LluÍs Ribalta;1;
Loose Connection;1;
Los Acosta;1;
Los Bukis;1;
Los Cantantes;1;
Los Chiches Vallenatos;1;
Los Crudos;1;
Los Del Rio;1;
Los Golpes;1;
Los Huracanes Del Norte;1;
Los Melódicos;1;
Los Pamperos;1;
Los Rodriguez;1;
Los Silver;1;
Los Tupamaros;1;
Los Warahuaco;1;
LOVING;1;
Low Roar;1;
loyalkatherina;1;
LTGTR;1;
Luciation;1;
Luciferian Rites;1;
Lucy Rose;1;
Ludovico Einaudi;1;
Luis Alfonso;1;
Luis Felipe González;1;
Luis Miguel Fuentes;1;
Luisito Muñoz;1;
Lukas;1;
Luny Tunes;1;
Lymphatic Phlegm;1;
Lyzergik Brain;1;
M△S▴C△RA;1;
Macabre Operetta;1;
Mae Ji-Yoon;1;
Magicool;1;
Magnus Pålsson;1;
Maisie Peters;1;
Malbec;1;
MalFet;1;
Man Is the Bastard;1;
Maná;1;
Manchester Orchestra;1;
Mandala Bros.;1;
Manudi;1;
Mareux;1;
Maria Daniela Y Su Sonido Lasser;1;
Marisa Anderson;1;
Martyrdöd;1;
Mason;1;
Mattke;1;
Mauro Picotto Pulsar;1;
Max Korzh;1;
Maybe Baby;1;
Mehter;1;
Melvins;1;
Memeless;1;
Mental Crush;1;
Mental D-struction;1;
Merak ft. Smack & Tchagun;1;
Mesa que mas aplauda;1;
Metal Church;1;
Metallica - Topic;1;
Metronomy;1;
Miasmatic Necrosis;1;
Michael Giacchino;1;
Michael Ius;1;
Michel Brown;1;
Midoran;1;
Miguel Moly;1;
Mike Emilio;1;
Mirth;1;
Miya Folick;1;
Mnogoznaal;1;
Mob 47;1;
Moderat;1;
Mohamed Al Ali;1;
Monococ;1;
Monolith;1;
Monoloc;1;
Monster Mush;1;
Morgenshtern;1;
Morgoth;1;
Mortiis;1;
Movarbru;1;
Mr. Gengar;1;
Mr. Oizo;1;
MrBeast;1;
Mujuice;1;
Municipal Waste;1;
Murray Johnson;1;
Mushroomhead;1;
Mythic Sunship;1;
Mы;1;
Nachtruf;1;
Naked Whipper;1;
Nasum;1;
NDTP Channel;1;
Necrophagia;1;
Necropolis;1;
Necros Christos;1;
Negative Plane;1;
Nelson Can;1;
neolux;1;
Neuromonakh Feofan;1;
Nick James;1;
Nick Moris;1;
Nico Kolbe;1;
Niereich;1;
Nile;1;
Nocra;1;
Nocthornialh;1;
Noisestorm;1;
Noize MC;1;
Noizefucker vs. Terrorrazor;1;
Nolita;1;
Nosferatu;1;
Nosvrolok;1;
NSCLT;1;
Nuevo Texas;1;
Octavio Mesa Y Su Conjunto;1;
Odilio Gonzalez;1;
Okkvlt Kλtt;1;
Oliver Heldens;1;
Oliver Smith;1;
Oliver Tree;1;
Omegatypez;1;
Oneke;1;
oOoOO;1;
Orchid Mantis;1;
Organic Waves;1;
Otro Tavella & Los embajadores del buen gusto;1;
Outer Heaven;1;
Ozuna;1;
Ozzed;1;
Pan-Amerikan Native Front;1;
Panzerfaust;1;
Parasitic Ejaculation;1;
Passenger of Shit;1;
Patsydelic;1;
Paul Engemann;1;
PAYBACK BOYS;1;
Peaches;1;
Pestilence;1;
Phantom Handshakes;1;
Phil Boniface;1;
Phildel;1;
Phrozen;1;
Pierre Henry;1;
Pigsty;1;
Pim Miles;1;
Pink Floyd;1;
Pitstop Boys;1;
Playground;1;
Popek;1;
Popof;1;
Presagio;1;
Primal Beat;1;
Profanacion;1;
Psy;1;
Psyclown;1;
Public Enemies;1;
PUMPING - HARDBASS;1;
Punch;1;
Purgatory;1;
Purgytory;1;
qbik;1;
R.K.M & Ken-Y;1;
Raär;1;
Radium;1;
Ramon;1;
Randy;1;
Rata Blanca;1;
Raul Santi;1;
Razbibriga;1;
Reconquesta;1;
Reeking Aura;1;
Regina Mira;1;
Residente;1;
Restive Plaggona;1;
Reverorum ib Malacht;1;
Riamiwo;1;
Richard Wagner;1;
Rick Hagen;1;
Rick Jolt;1;
Riki;1;
Río Roma;1;
Ritual Howls;1;
Rivo;1;
Robert Babicz;1;
Robert Natus;1;
Robodrum;1;
Rod Temperton;1;
Roentgen Limiter;1;
Rose Tattoo;1;
Rot;1;
Round Wave Crusher feat. Kreton;1;
Rtik;1;
Ruben Sam;1;
Rudosa;1;
Run–D.M.C.;1;
S.O.A.;1;
Sabaton;1;
Sacrilegia;1;
Sade;1;
Santoz meets PDM;1;
Saor;1;
ScHoolboy Q;1;
Sebastian Giangregorio;1;
Sebum Excess Production;1;
Sérgio Mendes;1;
Serious Bot;1;
Setaoc Mass;1;
Sex Prisoner;1;
Sextrash;1;
Shafeq Kabaha;1;
Shavo Odadjian;1;
Shifted;1;
Shit and Shine;1;
Show Me the Body;1;
Showtek;1;
Shubham Shetye;1;
Sidney Samson;1;
Sigh;1;
Simian Mobile Disco;1;
Sinfol;1;
Sir Speedy;1;
Skaur;1;
Skinshape;1;
Skinstorm;1;
Skyforest;1;
Slonovski Bal;1;
Slow Pulp;1;
Smack;1;
SNAT;1;
Snoop Dogg;1;
Soft Kill;1;
Son master;1;
Sons of Kemet;1;
Spektre;1;
Sperm Of Antichrist;1;
Spice Girls;1;
Steel Hook Prostheses;1;
Stereotuners;1;
Stormerz;1;
Sub Zero Project;1;
Sunburned Hand of the Man;1;
Sunny Lax;1;
Super Grupo Colombia;1;
Super8 & Tab;1;
Supernova;1;
Supremacía Satánica;1;
Susvourtre;1;
Sutcliffe Jugend;1;
Svafnirkult;1;
T.S.O.L.;1;
Tame Impala;1;
Tarkan;1;
Tarro & Zarro;1;
Telekinetic Yeti;1;
Tempers;1;
Tensal;1;
Testament;1;
Teste;1;
The Action Lab;1;
The Calling of God;1;
The Chainsmokers Daya;1;
The Daydream Club;1;
The Empire Line;1;
The Herbalists;1;
The Holydrug Couple;1;
The HU;1;
The Last Faithful Ones;1;
The Living Tombstone;1;
The M.S.P.;1;
The Mills;1;
The Offspring;1;
The Saddest Landscape;1;
The Suns Journey Through The Night;1;
Theatre of Tragedy;1;
thekomakoma;1;
Thy Antichrist;1;
tolstyak;1;
Tommy Cash;1;
Toneshifterz;1;
Toño Rosario;1;
toopoor;1;
Torture Rack;1;
TR/ST;1;
Tracy Chapman;1;
Tropic of Cancer;1;
TWCOR;1;
Twin Tribes;1;
Twisted Sister;1;
uglyboy;1;
Ulises Bueno;1;
Ultra Sunn;1;
Undergang;1;
Uun;1;
V8;1;
Vaelastrasz;1;
Valentín Elizalde;1;
Valentin Pascual;1;
Vanugenth the 5th;1;
Velile;1;
Vestron Vulture;1;
Vitalic;1;
Vomitor;1;
Walter Silva;1;
War Tech;1;
Warcry;1;
WarinD;1;
Weekend Nachos;1;
Wendy Sulca;1;
Wild Ones;1;
Will Sparks;1;
Winterstorm;1;
Wodensthrone;1;
Woods of Ypres;1;
Wu-Tang Clan Raekwon Ol' Dirty Bastard Method Man;1;
Xandoz;1;
Xyce;1;
Yaga & Mackie;1;
Yandel;1;
Yann Tiersen;1;
You Love Her Coz She's Dead;1;
Yung Hurn;1;
zabutom;1;
ZAPRAVKA;1;
Zara Larsson Young Thug;1;
Zarathustra;1;
Zhestyanshiki;1;
ZL-Project;1;
Zona Utopica Garantita;1;
Zwartketterij;1;
Zyanose;1;
АДА;1;
Дурное Влияние;1;
Коррозия Металла;1;
КРЮКОКРЕСТ;1;
Кувалда;1;
Ленинград;1;
Любэ;1;
Ляпис Трубецкой;1;
мой друг магнитофон;1;
МОЛОТ РОДИНЫ;1;
наверное радость;1;
Наша Таня;1;
Небо над головой;1;
Ногу Свело!;1;
Океан Ельзи;1;
Пруд;1;
Птицу Емъ;1;
Радость Моя;1;
Слот;1;
снова не успел;1;
Спасибо;1;
Сплин / The Splean;1;
جاسم العبيد;1;
